customerID,proba_churn,pred_churn
0556-FJEGU,0.01300538681084415,0
4059-IIEBK,0.6162910063975273,1
8189-XRIKE,0.5299699696568712,1
6688-UZPWD,0.728237463717881,1
9688-YGXVR,0.315581030474872,0
7752-XUSCI,0.44268670830118495,0
8033-ATFAS,0.1303120889035343,0
8879-ZKJOF,0.06840535503380783,0
2845-HSJCY,0.6466977884241432,1
9386-LDCZR,0.08718989132618371,0
9135-HSWOC,0.0029515023063164847,0
9702-AIUJO,0.03437399753931746,0
0623-EJQEG,0.08635036494648354,0
6967-PEJLL,0.0692596148560318,0
5219-YIPTK,0.5934089067672418,1
2034-GDRCN,0.7660622319627752,1
9850-OWRHQ,0.6442254510218036,1
6298-QDFNH,0.5687178937375775,1
5396-IZEPB,0.14973303040517089,0
2700-LUEVA,0.2095300559896697,0
4884-ZTHVF,0.7189186408927927,1
5320-BRKGK,0.01003657360632244,0
3716-UVSPD,0.4605761175395435,0
4800-CZMPC,0.1750845942203156,0
3099-OONVS,0.10099078310358534,0
7623-TRNQN,0.32946965242998105,0
5090-EMGTC,0.06975786644523597,0
6968-URWQU,0.06853286559604266,0
6322-HRPFA,0.026936513031700776,0
6646-QVXLR,0.3033581103562734,0
3950-VPYJB,0.009821760759203413,0
4433-JCGCG,0.5936462563240258,1
2649-HWLYB,0.00943415687718378,0
1525-LNLOJ,0.01917852935563273,0
0390-DCFDQ,0.6497922228855816,1
8648-PFRMP,0.6702352295138376,1
9964-WBQDJ,0.0030202230531290197,0
9741-YLNTD,0.6409747541766951,1
8042-JVNFH,0.6134726399628959,1
5214-CHIWJ,0.03214448331409062,0
7416-CKTEP,0.004851022536628198,0
6425-JWTDV,0.004843917745601484,0
8390-FESFV,0.021231609738523716,0
6212-ATMLK,0.5062165269956356,1
7636-XUHWW,0.2709942837530896,0
6008-NAIXK,0.14307487348034334,0
2657-VPXTA,0.6805338331361546,1
8265-HKSOW,0.021096890683145575,0
7821-DPRQE,0.26660480518642526,0
5456-ITGIC,0.015965944427226594,0
5529-GIBVH,0.005614092854529736,0
9067-SQTNS,0.01170926373801151,0
7421-ZLUPA,0.4557985008761063,0
7495-OOKFY,0.6248620183971032,1
1028-FFNJK,0.6355237218843608,1
1153-GNOLC,0.20175205278279454,0
8085-MSNLK,0.04408387639135635,0
8904-OPDCK,0.10577880533483502,0
8952-WCVCD,0.18230425081338053,0
9821-POOTN,0.45611766071063065,0
3635-QQRQD,0.0037172424089406872,0
0856-NAOES,0.3311832411386325,0
9987-LUTYD,0.0714097342918073,0
1090-ESELR,0.024652770172947813,0
2676-OXPPQ,0.28004303106196576,0
3026-ATZYV,0.04763447171303364,0
0307-BCOPK,0.054936637684959856,0
7072-MBHEV,0.5894124185859978,1
8060-HIWJJ,0.019995293286735768,0
5404-GGUKR,0.4445311631680688,0
5766-FTRTS,0.007121669401345609,0
3707-GNWHM,0.6761643949075352,1
1329-VHWNP,0.42655152828539206,0
3672-YITQD,0.5756803318603162,1
9397-TZSHA,0.0024415261509404635,0
1989-PRJHP,0.5779481498510151,1
8735-DCXNF,0.20150779413231423,0
0064-SUDOG,0.029741142211024238,0
1775-KWJKQ,0.009325023939576906,0
0253-ZTEOB,0.035993253485294266,0
6986-IXNDM,0.6974633022639946,1
3717-OFRTN,0.22527228012184128,0
9871-ELEYA,0.019098008496694015,0
6598-RFFVI,0.11221579581448769,0
6022-KOUQO,0.3741830998002024,0
7167-PCEYD,0.0028214976575514344,0
6656-JWRQX,0.4113101822704544,0
4190-MFLUW,0.1663833473968385,0
4203-QGNZA,0.049453123045892805,0
7101-HRBLJ,0.009887992311742961,0
1174-FGIFN,0.31315068004356117,0
0748-RDGGM,0.08394792292994209,0
5495-GPSRW,0.03357669979996915,0
8049-WJCLQ,0.24936936242987134,0
0581-MDMPW,0.5425482150972739,1
0744-GKNGE,0.10124733348199912,0
0909-SDHNU,0.2815225628166336,0
9695-IDRZR,0.11233095482664329,0
3780-YVMFA,0.432624962606145,0
7971-HLVXI,0.04647888398533944,0
8180-AKMJV,0.4259116457933942,0
7074-STDCN,0.2307334639163676,0
8499-BRXTD,0.05073251890922876,0
6726-NNFWD,0.0350922630342887,0
0866-QLSIR,0.053211777526162886,0
4006-HKYHO,0.015977826604304787,0
0611-DFXKO,0.5571408998681254,1
8040-MNRTF,0.5145906546802662,1
5446-DKWYW,0.07404214484700951,0
5759-RCVCB,0.5154053837517494,1
3847-BAERP,0.18920044225214727,0
6746-WAUWT,0.06990466696053477,0
1722-LDZJS,0.006710269904618718,0
0784-ZQJZX,0.001342881020626631,0
2378-VTKDH,0.437428506672814,0
0970-ETWGE,0.7788017517466677,1
6609-MXJHJ,0.020969068477019282,0
7606-BPHHN,0.002246406771296505,0
9968-FFVVH,0.01384326863265247,0
6022-UGGSO,0.4559815622414467,0
2474-LCNUE,0.310272615432802,0
3301-LSLWQ,0.26392039595748945,0
5593-SUAOO,0.19574550169320173,0
9139-WQQDY,0.1582414262968076,0
4846-WHAFZ,0.4974921808704091,0
0516-QREYC,0.12202279710795501,0
0687-ZVTHB,0.01662724492743383,0
3148-AOIQT,0.003365389930566518,0
2364-UFROM,0.06600977530143481,0
9769-TSBZE,0.0067317366979028894,0
1448-CYWKC,0.1895048728345106,0
1024-GUALD,0.6503691656979895,1
7026-YMSBE,0.027525030686659235,0
1624-NALOJ,0.7811382022510063,1
4277-UDIEF,0.16366627147936047,0
5451-YHYPW,0.0712929285615264,0
3886-CERTZ,0.19618651887330937,0
5061-PBXFW,0.05203451874143343,0
5575-TPIZQ,0.31796525377732227,0
7706-DZNKK,0.18739365523179694,0
8294-UIMBA,0.2807584790528885,0
1303-SRDOK,0.041167333911684804,0
1545-ACTAS,0.15664223956931628,0
7145-FEJWU,0.7003021821859534,1
4695-VADHF,0.25171653284390855,0
6164-HXUGH,0.13661750500838826,0
3796-ENZGF,0.011334698564433603,0
4445-ZJNMU,0.6879499079992342,1
2243-FNMMI,0.0887488496784318,0
0233-FTHAV,0.12269726183095504,0
8181-YHCMF,0.011416204657686063,0
0742-MOABM,0.24124785868262122,0
1621-YNCJH,0.08614411326874473,0
8947-YRTDV,0.10624487003878781,0
0952-KMEEH,0.49983698416464056,0
7502-BNYGS,0.142502419311313,0
4412-YLTKF,0.6008806859354996,1
6195-MELTI,0.02336028855048182,0
3703-KBKZP,0.6349040007576816,1
1064-FBXNK,0.09632080110891157,0
8885-QSQBX,0.2691025921646919,0
5414-OFQCB,0.08350142899004989,0
5727-MYATE,0.012733865180706388,0
1867-BDVFH,0.6353709734898163,1
4694-PHWFW,0.1323511353814265,0
9508-ILZDG,0.5429610095844635,1
4328-VUFWD,0.06342029605702545,0
6844-DZKRF,0.35778029593255095,0
4184-VODJZ,0.15691094805714767,0
5647-URDKA,0.03423179843305441,0
4712-AUQZO,0.20712993807670113,0
2616-FLVQC,0.002260777222585644,0
1391-UBDAR,0.5268973880285932,1
3658-QQJYD,0.036537183609522184,0
7296-PIXQY,0.4457802656406004,0
6047-YHPVI,0.6722168697602013,1
0895-LMRSF,0.2024613164659274,0
3594-UVONA,0.10216404495247307,0
2907-ILJBN,0.05629022499076851,0
3724-BSCVH,0.061272227493711535,0
2896-TBNBE,0.13925497481771804,0
7779-LGOVN,0.7547208921384303,1
2656-TABEH,0.7725274980232667,1
6771-XWBDM,0.34891930355509465,0
9640-ZSLDC,0.027019531044737352,0
8380-PEFPE,0.6676452932415419,1
6328-ZPBGN,0.7509109718862795,1
7608-RGIRO,0.004312876034920412,0
9055-MOJJJ,0.010578631800812777,0
1452-KIOVK,0.5126131995036314,1
0380-NEAVX,0.41898637231171126,0
1709-EJDOX,0.004402196410374188,0
0247-SLUJI,0.17501625030916357,0
6734-GMPVK,0.6965147225838926,1
7249-WBIYX,0.7248990715814555,1
4003-OCTMP,0.0836697390340784,0
0463-TXOAK,0.005202521861695728,0
2782-JEEBU,0.26179367798204856,0
5924-SNGKP,0.019304145171259293,0
2919-HBCJO,0.5754254378059638,1
9619-GSATL,0.04116972883014787,0
5996-NRVXR,0.15922970511959667,0
9443-JUBUO,0.010222309122544468,0
7998-WNZEM,0.008022827844241735,0
5898-IGSLP,0.24924170475594293,0
0727-BNRLG,0.058692552889258946,0
7216-KAOID,0.01362281307181968,0
4083-EUGRJ,0.14634415534484452,0
5380-AFSSK,0.7275224504902064,1
8859-YSTWS,0.011897111520235325,0
8972-HJWNV,0.7755142229367892,1
0581-BXBUB,0.623791961486241,1
4690-LLKUA,0.40403021043980414,0
4718-WXBGI,0.013410736868951483,0
2485-ITVKB,0.6720620662716688,1
1475-VWVDO,0.6441383181137493,1
8668-KNZTI,0.02696423681252305,0
0096-FCPUF,0.1922201503064934,0
7279-BUYWN,0.5397177665833313,1
9818-XQCUV,0.19502181059713528,0
2877-VDUER,0.06604496367250665,0
0388-EOPEX,0.5870366481805291,1
2575-GFSOE,0.6046348033434824,1
7740-KKCXF,0.08703828983654245,0
2211-RMNHO,0.013371265178909316,0
9348-ROUAI,0.012601963090175994,0
3787-TRIAL,0.3684480247943985,0
0979-PHULV,0.27152986146377,0
8158-WPEZG,0.46036729654271835,0
3930-ZGWVE,0.2088377788334706,0
5766-ZJYBB,0.20965273309871113,0
4656-CAURT,0.002765318258559084,0
3174-AKMAS,0.024937925764837266,0
9135-MGVPY,0.011765056379095435,0
8417-GSODA,0.29322215899174453,0
3022-BEXHZ,0.07933335665926136,0
3120-FAZKD,0.006758691557964822,0
2519-LBNQL,0.32404963837921064,0
7470-DYNOE,0.0709876577629429,0
6223-DHJGV,0.02125660189331432,0
9529-OFXHY,0.5551598368574674,1
4160-AMJTL,0.2502136939991322,0
6169-PGNCD,0.012820109374832793,0
1550-LOAHA,0.2873578452223474,0
9633-XQABV,0.6846975695325276,1
2088-IEBAU,0.02693108212549221,0
0471-ARVMX,0.2377097580319883,0
2070-FNEXE,0.4423404431483288,0
1334-FJSVR,0.6729134048556062,1
8695-ARGXZ,0.51673226135004,1
3161-GETRM,0.40450118616618946,0
8024-XNAFQ,0.05252948718264459,0
3243-ZHOHY,0.05366328742727571,0
0898-XCGTF,0.20090712893055365,0
0396-UKGAI,0.15935197037901516,0
7861-UVUFT,0.6272587677270856,1
7173-TETGO,0.025069707350574143,0
0431-APWVY,0.31012052467383566,0
9327-QSDED,0.2727267853988069,0
2027-FECZV,0.7310002651180342,1
4654-GGUII,0.1193501139042275,0
0841-NULXI,0.701164889519301,1
2235-ZGKPT,0.3081145628955006,0
9506-UXUSK,0.6064003323962581,1
0867-LDTTC,0.34065706207509044,0
2386-LAHRK,0.48838986036370685,0
3396-DKDEL,0.05265848981448379,0
1282-IHQAC,0.038211992823553566,0
5301-GAUUY,0.4130062286479095,0
5999-LCXAO,0.3811347294162748,0
5945-AZYHT,0.1755729082483661,0
5129-JLPIS,0.48078807331692053,0
1240-HCBOH,0.003963170786240835,0
8559-CIZFV,0.06616786970356359,0
5014-WUQMG,0.13407852102298992,0
1205-WNWPJ,0.3561952620247557,0
0475-RIJEP,0.39442034798233105,0
3392-EHMNK,0.03276748574230326,0
1784-BXEFA,0.18707563121370635,0
2843-CQMEG,0.19542304950639483,0
1031-IIDEO,0.6974250037600053,1
1894-IGFSG,0.5466222635794534,1
5995-LFTLE,0.006512681268783538,0
4304-XUMGI,0.029289437776430668,0
8854-CCVSQ,0.6003425299214998,1
1140-UKVZG,0.1278125572932198,0
4248-QPAVC,0.49856798653520384,0
9220-CXRSC,0.004006265645185697,0
1686-STUHN,0.016138124726872122,0
0959-WHOKV,0.24870381795308258,0
9115-YQHGA,0.1359093415916721,0
9374-YOLBJ,0.23540197132228383,0
4024-CSNBY,0.02704438867566255,0
6038-GCYEC,0.38444315395123696,0
1891-UAWWU,0.6235593174076309,1
4299-OPXEJ,0.005412706399198114,0
2402-TAIRZ,0.16417205548544217,0
3594-BDSOA,0.034270484104159955,0
3118-UHVVQ,0.002564178655159061,0
2589-AYCRP,0.01029123713087768,0
8816-VXNZD,0.7484448562226181,1
7128-GGCNO,0.2332861648336511,0
2791-SFVEW,0.15811502693573842,0
8975-SKGRX,0.06373775888128284,0
1820-TQVEV,0.7066654666537888,1
1635-FJFCC,0.3825540264152644,0
0123-CRBRT,0.012606558139368637,0
4785-QRJHC,0.1211606095008979,0
4056-QHXHZ,0.03066989483312066,0
2322-VCZHZ,0.4936422412465613,0
1092-GANHU,0.5587392014481308,1
3144-KMTWZ,0.21059884008350505,0
0756-MPZRL,0.03758192655032516,0
3969-JQABI,0.05358079884259759,0
7157-SMCFK,0.002229913714739987,0
4174-LPGTI,0.05017320607878791,0
8809-XKHMD,0.038431618456299686,0
8807-ARQET,0.24004466947966882,0
5985-BEHZK,0.13655389103160856,0
5736-YEJAX,0.010804164603657651,0
1821-BUCWY,0.03280719001287942,0
1915-OAKWD,0.07500940766056549,0
2925-VDZHY,0.00929732548230467,0
4751-ERMAN,0.015715713515659393,0
4361-JEIVL,0.4877596791085088,0
3966-HRMZA,0.5435724782542076,1
9586-JGQKH,0.0902174205408195,0
1936-CZAKF,0.03346576952163374,0
5206-XZZQI,0.16121836572164666,0
6177-PEVRA,0.009943361903405678,0
1370-GGAWX,0.2815978335303578,0
1104-TNLZA,0.6412078604862739,1
8464-EETCQ,0.003363010982413666,0
6729-GDNGC,0.496576576886772,0
7409-KIUTL,0.7144987811730774,1
4323-SADQS,0.39167201673828295,0
9530-GRMJG,0.027464691418519222,0
2347-WKKAE,0.39307015978645227,0
5236-PERKL,0.10306944845289413,0
2967-MXRAV,0.09601821239595029,0
3865-ZFZIB,0.02411907518163403,0
4778-IZARL,0.04612108731107725,0
4851-BQDNX,0.23964366827268435,0
1468-DEFNC,0.005213392646154009,0
2672-TGEFF,0.47179514216475515,0
0168-XZKBB,0.6523135093919447,1
8245-UMPYT,0.7806240094188421,1
2675-DHUTR,0.493839604464131,0
9646-NMHXE,0.005303384688483664,0
4576-CSAJH,0.09437948949836514,0
1035-IPQPU,0.45560754340392984,0
1986-PHGZF,0.2645615891003948,0
9239-GZHZE,0.053414286316837416,0
8083-YTZES,0.7328976549395744,1
5649-VUKMC,0.3443324818862451,0
0730-KOAVE,0.3722413149601582,0
4644-OBGFZ,0.005837729618510485,0
3683-QKIUE,0.3270244441637958,0
0187-QSXOE,0.7762174883093595,1
0536-ACXIP,0.09649120095543999,0
2169-RRLFW,0.002137183499933194,0
2133-TSRRM,0.34768328581737634,0
5268-DSMNQ,0.17080893266898756,0
7529-ZDFXI,0.38291803465229457,0
2626-URJFX,0.49623828041961177,0
4118-CEVPF,0.28637433598591666,0
4818-DRBQT,0.4151248143582671,0
1399-OUPJN,0.002972381349639118,0
7603-USHJS,0.552259731884404,1
8375-DKEBR,0.7482260998502781,1
2245-ADZFJ,0.04603670361919325,0
2866-IKBTM,0.2050517700773406,0
0214-JHPFW,0.012926125799355913,0
3334-CTHOL,0.5047551160807268,1
7470-MCQTK,0.534010016440792,1
5871-DGTXZ,0.024353800191522442,0
0129-KPTWJ,0.27532779155861953,0
3933-DQPWX,0.014353197209028579,0
7750-EYXWZ,0.28618328786435276,0
0508-OOLTO,0.6377401791450011,1
3677-IYRBF,0.6931685216087032,1
2320-YKQBO,0.1587278687825596,0
8218-FFJDS,0.01472005770529108,0
0310-MVLET,0.3663294248366201,0
2176-OSJUV,0.005005294365565021,0
5150-ITWWB,0.8446860203158788,1
9283-LZQOH,0.5204988779222354,1
0537-QYZZN,0.4846618192693973,0
7197-VOJMM,0.007859045337692836,0
2135-DQWAQ,0.6038324967092331,1
5351-QESIO,0.4493714555425717,0
3096-JRDSO,0.5073068594800616,1
2157-MXBJS,0.28341041375072834,0
0080-OROZO,0.3285898087564692,0
2188-SXWVT,0.03515390989390006,0
0991-BRRFB,0.194219034710632,0
1502-XFCVR,0.17564114339630021,0
5539-TMZLF,0.752678042941349,1
0489-WMEMG,0.11830272477114824,0
3537-RYBHH,0.09735744312119156,0
6137-NICCO,0.5930946584193281,1
4026-SKKHW,0.343063906593354,0
1552-TKMXS,0.02714910500303736,0
3597-YASZG,0.09614883748780556,0
7398-LXGYX,0.23102691832619535,0
3452-ABWRL,0.41714752844881203,0
1810-BOHSY,0.13445902645190866,0
9233-PSYHO,0.3594433970185017,0
4648-YPBTM,0.029321011098238075,0
7109-MFBYV,0.19790439498732568,0
1345-GKDZZ,0.14888006460047473,0
2947-DOMLJ,0.22496671571318066,0
5419-KLXBN,0.41424715243985705,0
8777-MBMTS,0.07294318808110745,0
2587-YNLES,0.03689121466969507,0
0520-FDVVT,0.29647442219626335,0
8404-VIOMB,0.017738359882842367,0
1530-ZTDOZ,0.08015714398362367,0
2821-WARNZ,0.008538552752892925,0
0256-LTHVJ,0.4605374955370158,0
6777-TGHTM,0.20230522273214255,0
1371-OJCEK,0.015480481560944276,0
6278-FEPBZ,0.1434383751200148,0
4237-RLAQD,0.4233053834949212,0
3500-NSDOA,0.008565155661376164,0
0906-QVPMS,0.04303981146174397,0
7492-TAFJD,0.0736191846192918,0
2657-ALMWY,0.4590732543435635,0
9236-NDUCW,0.04258983943869821,0
5730-DBDSI,0.002216568801651363,0
1862-SKORY,0.30122752909861855,0
7009-PCARS,0.006855351220587121,0
3551-GAEGL,0.04912078401970819,0
6308-CQRBU,0.07147091897888337,0
8749-TZYEC,0.002081632407242133,0
5882-CMAZQ,0.37942864325301456,0
7479-NITWS,0.6774542257830289,1
5655-JSMZM,0.5831644016473102,1
0523-VNGTF,0.17778177331431533,0
1143-NMNQJ,0.7683473714879963,1
6845-RGTYS,0.34692397773042,0
3521-HTQTV,0.01672404905077336,0
3207-OYBWH,0.33687863976798593,0
2324-AALNO,0.015779521530975327,0
9334-GWGOW,0.7433343360201304,1
9168-INPSZ,0.44882058070022646,0
5075-JSDKI,0.006047838827053214,0
2954-PIBKO,0.006065597681188836,0
0575-CUQOV,0.24819226767961267,0
2219-MVUSO,0.3566463738854805,0
5485-WUYWF,0.3451638909385719,0
8908-NMQTX,0.014030760613319109,0
2325-ZUSFD,0.036503504544811015,0
0301-KOBTQ,0.019485907245018724,0
9565-DJPIB,0.5456930752609229,1
2495-KZNFB,0.46402615166131445,0
4523-WXCEF,0.3369507615834804,0
2465-BLLEU,0.2787325945163626,0
8212-CRQXP,0.4765291543845998,0
7217-JYHOQ,0.12059396619660669,0
9518-IMLHK,0.13020196759222283,0
2346-LOCWC,0.002498236516607192,0
8028-PNXHQ,0.004467951538550989,0
4376-KFVRS,0.05227620388350461,0
6502-HCJTI,0.5911815776786522,1
5712-PTIWW,0.6269821828245807,1
5843-TTHGI,0.24575913218288792,0
1564-NTYXF,0.7576717145791367,1
3319-DWOEP,0.770199314720192,1
5419-CONWX,0.698054937932108,1
2542-HYGIQ,0.20711791444264874,0
0376-YMCJC,0.5887776249899954,1
5502-RLUYV,0.34933035019463504,0
9369-XFEHK,0.4373785922118722,0
4631-OACRM,0.6853878311794406,1
7180-PISOG,0.7120618864066698,1
1393-IMKZG,0.721501585690778,1
5872-OEQNH,0.04965115225136185,0
6999-CHVCF,0.05800207372294203,0
4106-HADHQ,0.03947935195734451,0
2333-KWEWW,0.02611439221936122,0
1217-VASWC,0.2832597684688741,0
1956-YIFGE,0.2966594092945394,0
1580-BMCMR,0.5628713460284187,1
8034-RYTVV,0.09932870043163561,0
7016-NVRIC,0.18366932450803494,0
5207-PLSTK,0.2897008827645839,0
2933-FILNV,0.5066686776792485,1
5519-NPHVG,0.756189395109209,1
0196-JTUQI,0.6029580940936686,1
2495-INZWQ,0.723075419070957,1
8152-UOBNY,0.34154925709083794,0
6925-BAYGL,0.006505363854329188,0
9637-EIHEQ,0.4489248012370458,0
7969-FFOWG,0.0017319756693617188,0
8164-OCKUJ,0.002379049928450426,0
2208-NKVVH,0.007640557800556481,0
7181-BQYBV,0.697004285262655,1
0883-EIBTI,0.19625930833625807,0
3807-XHCJH,0.23350763284751086,0
2100-BDNSN,0.3455627398559346,0
9773-PEQBZ,0.57544966388228,1
2171-UDMFD,0.05844277932525234,0
4424-TKOPW,0.8485289670098481,1
8155-IBNHG,0.45297249192845596,0
8752-GHJFU,0.09004637103185428,0
2023-VQFDL,0.1377964539963005,0
3223-DWFIO,0.6503097808077043,1
5555-RNPGT,0.15541056845624102,0
2819-GWENI,0.0236581942175987,0
1448-PWKYE,0.6040175190619201,1
4937-QPZPO,0.25112461164281813,0
4753-PADAS,0.17134751159704448,0
2798-NYLMZ,0.05626111372919378,0
8747-UDCOI,0.0021998589695702672,0
3323-CPBWR,0.4883131341820387,0
0129-QMPDR,0.016752224194479297,0
0722-SVSFK,0.677106060533551,1
4229-CZMLL,0.720650286647421,1
9661-ACXBS,0.4861206821978565,0
7009-LGECI,0.32052984385098177,0
7874-ECPQJ,0.23262704341347992,0
9199-PWQVC,0.040730537062683765,0
3506-LCJDC,0.1888868297840728,0
6034-ZRYCV,0.027488989265300016,0
2826-DXLQO,0.38063140952971347,0
0795-GMVQO,0.09672378346179902,0
8637-XJIVR,0.5805815290942778,1
3778-FOAQW,0.0335205284779388,0
8642-GVWRF,0.47265746867408726,0
0056-EPFBG,0.05324907459851307,0
7825-GKXMW,0.41979695605047307,0
0940-OUQEC,0.5927044490368406,1
3810-PJUHR,0.0018649234257902987,0
1685-VAYJF,0.24700605159699748,0
6424-ELEYH,0.6421882428451909,1
3646-ITDGM,0.0036621865898818174,0
4989-LIXVT,0.3463025014528691,0
3908-BLSYF,0.6008113269664087,1
4873-ILOLJ,0.6375144612557005,1
4032-RMHCI,0.03258072115774016,0
3308-DGHKL,0.0029031658261266997,0
9424-CMPOG,0.03304261181835494,0
3780-DDGSE,0.25281374691390596,0
8879-XUAHX,0.09002794436385672,0
4223-BKEOR,0.06617915519969443,0
8873-TMKGR,0.028550657729241015,0
5708-EVONK,0.18802684348720394,0
1705-GUHPV,0.00337472902435,0
9029-FEGVJ,0.35254043057754814,0
9862-KJTYK,0.3281420618049036,0
1236-WFCDV,0.5816242876851426,1
0330-IVZHA,0.5608622993687664,1
6910-HADCM,0.5962836434088229,1
0872-CASZJ,0.02972855638145829,0
0812-WUPTB,0.5639460485918008,1
8909-BOLNL,0.10287174848472588,0
6754-WKSHP,0.0337265953498246,0
7018-WBJNK,0.5478417655085775,1
3205-MXZRA,0.08211870436935312,0
3572-UOLYZ,0.24736487404665983,0
9091-WTUUY,0.005868057924687289,0
4835-YSJMR,0.028904156108777692,0
8757-TFHHJ,0.33757652844386565,0
5325-UWTWJ,0.26925651876319345,0
6445-TNRXS,0.05800993478588437,0
3211-ILJTT,0.47963908216741785,0
5402-HTOTQ,0.30918482220609445,0
9537-JALFH,0.0015359315769018305,0
1768-ZAIFU,0.7147683012050364,1
5995-WWKKG,0.038710521902199674,0
6029-WTIPC,0.6640995955882752,1
7010-ZMVBF,0.0766271330409573,0
3873-WOSBC,0.0026896646203093105,0
1400-MMYXY,0.8057830531901172,1
9972-VAFJJ,0.1883494481674369,0
8963-MQVYN,0.1356585720845757,0
7343-EOBEU,0.29840855118167603,0
0222-CNVPT,0.15989103691680195,0
5186-PEIZU,0.04385186013577661,0
5982-XMDEX,0.0032768063920088895,0
6407-GSJNL,0.006728069116862303,0
8069-RHUXK,0.0041161100330975985,0
3391-JSQEW,0.1023360305365701,0
1915-IOFGU,0.6127301692720708,1
9971-ZWPBF,0.5598313229056582,1
6979-ZNSFF,0.7486689641298242,1
7762-ONLJY,0.07216763417628812,0
6797-UCJHZ,0.1514486141844067,0
2587-EKXTS,0.4667101326559276,0
2694-CIUMO,0.5219731393421496,1
6861-XWTWQ,0.809061059202594,1
8242-JSVBO,0.3861629347000972,0
8149-RSOUN,0.81568459496555,1
9667-TKTVZ,0.4082230265996311,0
7253-UVNDW,0.013227849465413777,0
8058-INTPH,0.7468066044287199,1
4546-FOKWR,0.5414495274838488,1
3824-RHKVR,0.10094929438356183,0
0208-BPQEJ,0.11189160873196739,0
5372-FBKBN,0.07082250392207562,0
2091-RFFBA,0.5606596065152685,1
4531-AUZNK,0.11237905250015755,0
7326-RIGQZ,0.6124329451785699,1
9092-GDZKO,0.1434595989835812,0
1539-LNKHM,0.12546181660148745,0
5322-ZSMZY,0.013676388087454432,0
2908-WGAXL,0.0057626512259109424,0
0468-YRPXN,0.4438365939985086,0
0621-CXBKL,0.003970105285545408,0
8258-GSTJK,0.7787415149143762,1
3705-PSNGL,0.026726919150176102,0
2810-FTLEM,0.26985636347226793,0
7030-FZTFM,0.043978573907247576,0
7614-QVWQL,0.08783022574845357,0
8593-WHYHV,0.7687848810922321,1
4234-XTNEA,0.7453522617657788,1
2545-LXYVJ,0.0015444894942563305,0
3457-PQBYH,0.0024812047874089487,0
4450-MDZFX,0.13239209247721176,0
3197-ARFOY,0.4546801827478932,0
4981-FLTMF,0.028009673271651225,0
1587-FKLZB,0.3470765629339063,0
8286-AFUYI,0.34174131559186294,0
1024-KPRBB,0.26498764791196383,0
3845-FXCYS,0.3513620939915704,0
6713-OKOMC,0.2828464319139016,0
3649-JPUGY,0.022845959549051803,0
6244-BESBM,0.049165165248884396,0
3648-GZPHF,0.08107681733185121,0
5884-FBCTL,0.0018669205071795685,0
2296-DKZFP,0.006971785752848128,0
0689-NKYLF,0.6613449205924713,1
2292-XQWSV,0.06820278472739151,0
3638-DIMPH,0.16728975069254134,0
0524-IAVZO,0.5645467254536884,1
5692-FPTAH,0.41853989442064354,0
6317-YPKDH,0.47031830637541644,0
6752-APNJL,0.04162025114995915,0
9167-APMXZ,0.5850857410818749,1
7643-RCHXS,0.0028060515396562875,0
9308-ANMVE,0.07637997898046714,0
5914-DVBWJ,0.592269659516748,1
5699-BNCAS,0.004157758400601846,0
2883-ILGWO,0.3942061036228128,0
6838-YAUVY,0.0870056998238425,0
0373-AIVNJ,0.15287249762726332,0
9274-UARKJ,0.5449391481130955,1
0674-GCDXG,0.015234702127759544,0
6532-YLWSI,0.008034046969649976,0
9221-OTIVJ,0.7696600802696425,1
0329-GTIAJ,0.6933186645776509,1
1763-KUAAW,0.06688285605010465,0
6522-OIQSX,0.01839563394002306,0
9224-VTYID,0.028163285006039415,0
6292-TOSSS,0.007116351865216162,0
8970-ANWXO,0.19470503878882836,0
7594-LZNWR,0.2907849338495215,0
0887-WBJVH,0.20514449384019734,0
7346-MEDWM,0.27575355609523905,0
0347-UBKUZ,0.10953846445348152,0
0707-HOVVN,0.020984967265998068,0
5297-MDOIR,0.05649031234179328,0
1794-SWWKL,0.25653443169367657,0
0897-FEGMU,0.7436171955962243,1
9289-LBQVU,0.03212032066428587,0
8619-IJNDK,0.0027470958773103123,0
6857-VWJDT,0.6657178332152393,1
0114-IGABW,0.012524496674057584,0
3177-LASXD,0.6098879937915347,1
8109-YUOHE,0.06971131141609095,0
5060-TQUQN,0.33212100611128853,0
6661-EIPZC,0.07511295674581484,0
6388-TABGU,0.010866426213487865,0
2790-XUYMV,0.05156023363010715,0
3976-HXHCE,0.0016442612047594762,0
8398-TBIYD,0.02805246923105499,0
3181-MIZBN,0.12387010334053183,0
0266-CLZKZ,0.06927123574099679,0
3620-EHIMZ,0.003381779010971086,0
4869-EPIUS,0.16739684075641548,0
6505-OZNPG,0.1460969185321022,0
6502-KUGLL,0.10431277670857607,0
7209-JCUDS,0.7242705861734229,1
3923-CSIHK,0.30256108847608043,0
4415-WNGVR,0.2366526370594778,0
2692-AQCPF,0.15895584507878946,0
6345-FZOQH,0.0016267500925355718,0
1970-KKFWL,0.015109609202749804,0
7817-BOQPW,0.7414411856212837,1
6646-VRFOL,0.5301295703950595,1
4915-BFSXL,0.007938489558220857,0
1319-YLZJG,0.46348642902754134,0
0827-ITJPH,0.014934521751898088,0
7162-WPHPM,0.006868362124599816,0
9776-CLUJA,0.29221625989447786,0
0282-NVSJS,0.37949826022833916,0
1814-WFGVS,0.00510625012460702,0
2955-BJZHG,0.48995317950060274,0
7273-TEFQD,0.7179460653806942,1
7129-ACFOG,0.4423066749985917,0
4191-XOVOM,0.2970074407945054,0
3546-GHEAE,0.045372198819769706,0
4471-KXAUH,0.35308666887995516,0
9648-BCHKM,0.03888155631128881,0
7136-IHZJA,0.06701846287861743,0
8980-WQFWL,0.22446612669702776,0
5206-HPJKM,0.1850248922054312,0
5937-EORGB,0.6505515005295012,1
7113-HIPFI,0.0031990619832186137,0
8696-JKZNU,0.5130526673418435,1
4855-SNKMY,0.5203648046505522,1
5614-DNZCE,0.008525197437568072,0
2181-TIDSV,0.0023424001364198907,0
5146-YYFRZ,0.002120200232419131,0
1268-ASBGA,0.6345095385331568,1
6994-FGRHH,0.13125344062485855,0
8474-UMLNT,0.15686080597243846,0
6483-OATDN,0.22872710959588208,0
0422-UXFAP,0.31676752062405994,0
9851-KIELU,0.5418311161307273,1
2773-OVBPK,0.09202316315052891,0
4128-ETESU,0.4881692360715476,0
1642-HMARX,0.02614475943624637,0
1371-WEPDS,0.09192465048371949,0
5469-CTCWN,0.1851380094872445,0
6762-NSODU,0.004793682843186529,0
4558-FANTW,0.3342503782692119,0
0106-UGRDO,0.08801015633414264,0
8535-SFUTN,0.3607591836533986,0
3913-RDSJZ,0.00300875266529472,0
9450-TRJUU,0.4631763984390006,0
6086-ESGRL,0.5596541949579741,1
0345-XMMUG,0.12193088687617148,0
2040-XBAVJ,0.03479847504217511,0
0224-NIJLP,0.03438823790960279,0
3423-HHXAO,0.06989858770577623,0
1930-QPBVZ,0.01877877802474639,0
0749-IRGQE,0.5718983397198399,1
1194-HVAIF,0.46454811073235713,0
7905-TVXTA,0.3778493638434619,0
7005-CCBKV,0.680515144434078,1
7869-ZYDST,0.2573646792657975,0
4628-WQCQQ,0.2899894050405116,0
3097-PYWXL,0.2759197349081511,0
9351-HXDMR,0.06212102097332238,0
4592-IWTJI,0.3139050799589811,0
4692-NNQRU,0.21879547169381813,0
6898-RBTLU,0.02590402551558488,0
3572-UUHRS,0.013800232882271819,0
8950-MTZNV,0.4264001411991787,0
8205-MQUGY,0.2692725851976912,0
0064-YIJGF,0.4104755895091847,0
9297-EONCV,0.018135607166236058,0
3370-HXOPH,0.6533991955600872,1
5353-WILCI,0.12026555367004961,0
5855-EIBDE,0.04321144173958116,0
8065-QBYTO,0.09890776790365227,0
1090-PYKCI,0.06950239401119676,0
4237-CLSMM,0.18904795573722818,0
0654-HMSHN,0.5462001404589261,1
6543-CPZMK,0.4897291055943096,0
8272-ONJLV,0.4483870148664582,0
3313-QKNKB,0.14832032980142276,0
0237-YFUTL,0.2888435907407492,0
7893-IXHRQ,0.2786389651966286,0
2208-MPXIO,0.007782649651882214,0
2731-GJRDG,0.2752192797839884,0
6120-RJKLU,0.018043756331327925,0
6007-TCTST,0.05378549555504547,0
5201-CBWYG,0.006214773603699924,0
6060-QBMGV,0.0015977236641779862,0
6874-SGLHU,0.33269712723256595,0
3850-OKINF,0.03062647990015567,0
8626-PTQGE,0.015800575983974025,0
9685-WKZGT,0.7086269573983235,1
7452-FOLON,0.02153903099334595,0
1608-GMEWB,0.5365651558391277,1
8467-WYNSR,0.09918541312701779,0
0058-EVZWM,0.25079278609541406,0
7811-JIVPF,0.15227546616782203,0
1222-KJNZD,0.0404246474681647,0
2984-RGEYA,0.0015088970727222672,0
0513-RBGPE,0.022274615822829424,0
2706-QZIHY,0.03518766846807419,0
6959-GQEGV,0.16940381294882226,0
2604-IJPDU,0.4121212518145565,0
5970-GHJAW,0.004734672781034882,0
2558-BUOZZ,0.13279418481568722,0
3957-LXOLK,0.7050852440786498,1
8050-WYBND,0.2405661758468287,0
6620-JDYNW,0.23100694467538682,0
4706-AXVKM,0.6845283149316937,1
9747-DDZOS,0.5336673170701427,1
6834-NXDCA,0.519018317762315,1
7654-YWJUF,0.09143854428541419,0
5288-AHOUP,0.718993966090486,1
3692-JHONH,0.36699352567507426,0
0644-OQMDK,0.7297018799396164,1
5233-GEEAX,0.6328844738279569,1
5599-HVLTW,0.6248543511996644,1
0968-GSIKN,0.6091615264033823,1
7137-NAXML,0.04193913806005757,0
3589-PPVKW,0.33912818552748897,0
9102-OXKFY,0.012877657887838678,0
2609-IAICY,0.7429745876891338,1
5546-QUERU,0.09153750764525347,0
3308-JSGML,0.0285908959530011,0
0930-EHUZA,0.0503935734384719,0
6227-HWPWX,0.3765125575915047,0
4211-MMAZN,0.2076776072799376,0
9975-SKRNR,0.21082100262170095,0
6969-MVBAI,0.7782844705319011,1
9746-YKGXB,0.02925577262364855,0
7459-IMVYU,0.09442564767940527,0
0704-VCUMB,0.0025117979905329197,0
5167-ZFFMM,0.6799618415613355,1
2659-VXMWZ,0.1674248041296899,0
0506-LVNGN,0.6212565554096392,1
2732-ISEZX,0.2318306821002731,0
3679-XASPY,0.23489577628193484,0
3955-JBZZM,0.5266892804321887,1
7996-BPXHY,0.05307820866774262,0
0447-BEMNG,0.10818469116775477,0
5406-KGRMX,0.0031920243449104044,0
3331-HQDTW,0.41217131179299055,0
2625-TRCZQ,0.2144328260123176,0
0946-FKYTX,0.03175699417867828,0
9565-AXSMR,0.0035030857375633355,0
1853-ARAAQ,0.38575452564529994,0
1427-VERSM,0.34596433065535126,0
6270-OMFIW,0.19960092905207957,0
9470-YFUYI,0.019957640317245697,0
2226-ICFDO,0.012876033331271549,0
7706-YLMQA,0.003538255664530694,0
4013-TLDHQ,0.5232141584117085,1
1049-FYSYG,0.33053356436137127,0
7410-KTVFV,0.23854652822151926,0
8779-YIQQA,0.034271848971084595,0
4291-SHSBH,0.6607452821196529,1
0486-HECZI,0.301051396054135,0
6122-LJADA,0.013740033770439811,0
8573-CGOCC,0.10749024962317248,0
5574-NXZIU,0.03837897054802791,0
9752-ZNQUT,0.4901117364857444,0
1725-IQNIY,0.04825115023135697,0
9609-BENEA,0.13663961477674139,0
2388-LAESQ,0.07477846292734076,0
2637-FKFSY,0.37807153100291896,0
9512-UIBFX,0.4321990250121864,0
2878-RMWXY,0.056541420812681355,0
9820-RMCQV,0.18042940430804164,0
0258-NOKBL,0.5959830110801327,1
4877-TSOFF,0.03138336903240913,0
6559-PDZLR,0.5603417401328635,1
6890-PFRQX,0.21384351901029988,0
4536-PLEQY,0.5226542010784991,1
4194-FJARJ,0.008354719113754105,0
6770-XUAGN,0.30544657720126533,0
3982-DQLUS,0.19453345716968515,0
9534-NSXEM,0.04969241231281596,0
4860-YZGZM,0.193854854051742,0
2952-QAYZF,0.6896913692468947,1
2737-YNGYW,0.6413868910784243,1
4701-LKOZD,0.011957855335328981,0
5934-RMPOV,0.5978594010822587,1
3345-PBBFH,0.3327788387403972,0
8124-NZVGJ,0.3739509136122671,0
1228-ZLNBX,0.40808539488887213,0
8259-NFJTV,0.22237636281260714,0
5915-ANOEI,0.007572505176854667,0
8397-MVTAZ,0.6194698600135466,1
8749-CLJXC,0.2081411043310745,0
0458-HEUZG,0.08297177692236932,0
8082-GHXOP,0.20860977539784903,0
9786-IJYDL,0.12340103199982184,0
6847-KJLTS,0.3748039291685838,0
2215-ZAFGX,0.7483365253247869,1
1867-TJHTS,0.17231068891922147,0
1360-RCYRT,0.23666544420917163,0
5868-YTYKS,0.2478838163620206,0
3274-NSDWE,0.0018857354819312026,0
1027-LKKQQ,0.010264822316870901,0
5296-PSYVW,0.002842163389516721,0
7808-DVWEP,0.19542761872140268,0
7486-KSRVI,0.3414314823047656,0
5520-FVEWJ,0.5759297265258578,1
8601-QACRS,0.43512455448121656,0
5649-TJHOV,0.29016439152757395,0
3237-AJGEH,0.4252379143744121,0
8571-ZCMCX,0.032598911898695605,0
7717-BICXI,0.0022442451494446756,0
4816-JBHOV,0.5724049561449942,1
0788-DXBFY,0.01080385749553761,0
9430-NKQLY,0.002536807230866356,0
7531-GQHME,0.13091617799367955,0
8840-DQLGN,0.37998514123005794,0
6583-SZVGP,0.16110157372946757,0
7359-SSBJK,0.012402295853965035,0
8189-DUKMV,0.09951106264733861,0
4760-XOHVN,0.17181041126345206,0
8614-VGMMV,0.42445473125864974,0
6023-YEBUP,0.7991357703234987,1
6861-OKBCE,0.11647174480580269,0
7520-HQWJU,0.03676645821814634,0
0547-HURJB,0.11216369271736466,0
7850-THJMU,0.013396620660148224,0
8224-DWCKX,0.6436325029395076,1
3785-KTYSH,0.005584769692596338,0
4644-PIZRT,0.15448685308186433,0
6490-FGZAT,0.16614005854006952,0
5022-JNQEQ,0.5149844715852978,1
5371-VYLSX,0.3092755637084708,0
9467-ROOLM,0.0671034632270388,0
8242-PDSGJ,0.006077934878490672,0
4616-ULAOA,0.07434136613584438,0
4925-LMHOK,0.27760097450092874,0
3751-KTZEL,0.5152040795268406,1
6583-KQJLK,0.6942054312568693,1
5879-HMFFH,0.011561840365452878,0
4360-QRAVE,0.20217371140347573,0
5696-EXCYS,0.027732483378466947,0
0397-ZXWQF,0.002184518121892172,0
5380-WJKOV,0.6053978103380258,1
4789-KWMXN,0.18735452401598185,0
3878-AVSOQ,0.7438267706327784,1
4291-TPNFG,0.010980045228772545,0
9644-KVCNC,0.15073740744032324,0
2272-QAGFO,0.7091160387277325,1
5260-UMPWX,0.07459831483058947,0
2045-BMBTJ,0.2913002499656155,0
1134-YWTYF,0.18769291178553826,0
8739-WWKDU,0.6698253286837104,1
4678-DVQEO,0.4440559120924102,0
4709-LKHYG,0.032614010277150544,0
5567-GZKQY,0.003139050219058618,0
2103-ZRXFN,0.39072047096848445,0
1561-BWHIN,0.03836005009581438,0
3320-VEOYC,0.7904452964756296,1
6194-HBGQN,0.04506187198407923,0
6196-HBOBZ,0.07470989240821364,0
0923-PNFUB,0.6267391878573162,1
3077-RSNTJ,0.13665479965089983,0
3318-OSATS,0.6861852857407889,1
8819-ZBYNA,0.0729964705090161,0
9133-AYJZG,0.5902243373763101,1
2717-HVIZY,0.13192020228842863,0
6794-HKIAJ,0.11644307903955141,0
1269-FOYWN,0.011570513331907667,0
7353-YOWFP,0.0838719440828432,0
1741-WTPON,0.0484855046754628,0
8996-ZROXE,0.04529575750780744,0
9084-OAYKL,0.003139669492839205,0
0640-YJTPY,0.0013217890633794003,0
2592-YKDIF,0.20322275912799373,0
8043-PNYSD,0.0019307027830170254,0
3633-CDBUW,0.14941705233192676,0
4098-NAUKP,0.2238256860210637,0
6595-COKXZ,0.4217968762509306,0
9339-FIIJL,0.015039392323264853,0
0254-KCJGT,0.039501521572784956,0
4464-JCOLN,0.09019094008460676,0
1142-IHLOO,0.14525832038842973,0
9391-TTOYH,0.10566511101380131,0
4608-LCIMN,0.24816184955213832,0
0052-DCKON,0.10158133860465882,0
4075-JFPGR,0.14347465189807584,0
6339-RZCBJ,0.023236805451114607,0
6181-AXXYF,0.0017810577158461456,0
3755-JBMNH,0.5447668138385221,1
3039-MJSLN,0.18201890747630295,0
7328-ZJAJO,0.0024124214644118953,0
3647-GMGDH,0.5226378834121725,1
9030-QGZNL,0.04097387072065685,0
4892-VLANZ,0.20872154733479148,0
9576-ANLXO,0.6196187860010707,1
6481-LXPWL,0.031163842718081657,0
2041-JIJCI,0.5520939459631252,1
4597-ELFTS,0.01405536412896167,0
4389-UEFCZ,0.08963423135983013,0
3858-VOBET,0.5822452332527246,1
9150-HEPMB,0.015868093881547213,0
7683-CBDKJ,0.28459567218026377,0
6806-YDEUL,0.2158354209182067,0
1965-DDBWU,0.5463508593448149,1
7722-VJRQD,0.008717241418338224,0
7266-GSSJX,0.21277696094045925,0
6158-HDPXZ,0.48319221835357234,0
3722-WPXTK,0.7816971471812744,1
3200-MNQTF,0.0054645388974881364,0
6368-TZZDT,0.043446087389398653,0
2541-YGPKE,0.02527243482321964,0
3211-AAPKX,0.5864410635949248,1
4547-LYTDD,0.5522002977573334,1
6807-SIWJI,0.32607092517333713,0
7544-ZVIKX,0.1749046568831848,0
9495-SKLKD,0.3380650133925903,0
6766-HFKLA,0.07958078221364744,0
8676-TRMJS,0.5666855925262831,1
2968-SSGAA,0.764321612279812,1
1272-ILHFG,0.0480714084883519,0
4312-GVYNH,0.009078770622381596,0
2027-WKXMW,0.3640739310152035,0
8454-AATJP,0.04229722596253938,0
4871-JTKJF,0.7480935260777641,1
6479-SZPLM,0.0083128171802146,0
0732-OCQOC,0.007397374508500605,0
1471-GIQKQ,0.39180193707061217,0
6941-KXRRV,0.06615239402358752,0
3325-FUYCG,0.2532848587764882,0
8133-ANHHJ,0.12336090142298994,0
1422-DGUBX,0.2810547935615956,0
0927-CNGRH,0.18523594701470456,0
7244-QWYHG,0.04713397270744155,0
0295-PPHDO,0.8161903961163725,1
2325-WINES,0.3620917032242036,0
8106-GWQOK,0.04796330744235437,0
6994-KERXL,0.5279069302375362,1
9391-YZEJW,0.2081240898357116,0
9227-LUNBG,0.5767374437148601,1
2603-HVKCG,0.5580848132876554,1
3719-TDVQB,0.006501040287872482,0
3739-YBWAB,0.049095496252041584,0
7089-XXAYG,0.20371100793083868,0
5453-AXEPF,0.5173768418094514,1
7956-XQWGU,0.08860299539705711,0
3374-TTZTK,0.08826095438006505,0
5524-KHNJP,0.05734865897219153,0
5609-IMCGG,0.4572048783473416,0
3877-JRJIP,0.6390512959362281,1
5827-MWCZK,0.22554148211749764,0
6680-WKXRZ,0.5866086134250477,1
0076-LVEPS,0.12342814183354492,0
5917-RYRMG,0.031008621091098202,0
6804-GDMOI,0.1378874899171382,0
0295-QVKPB,0.37503993680601166,0
4826-TZEVA,0.19342881210529417,0
0655-RBDUG,0.7333418466531694,1
5156-UMKOW,0.38626181343267313,0
1754-GKYPY,0.615607856639162,1
0463-WZZKO,0.2591170790566489,0
2829-HYVZP,0.041390579737505644,0
3926-YZVVX,0.03485845358449577,0
9767-FFLEM,0.29356280272849045,0
5019-GQVCR,0.555777152148285,1
9451-LPGOO,0.7418087394782398,1
6668-CNMFP,0.31176892105751514,0
5821-MMEIL,0.003284888461027617,0
4186-ZBUEW,0.08820955698881527,0
7684-XSZIY,0.0018104496464351192,0
4929-BSTRX,0.48174904746139385,0
6519-CFDBX,0.5037864050255693,1
5227-JSCFE,0.005207098527589563,0
8671-KKKOS,0.10930240157716851,0
2229-VWQJH,0.207346565875689,0
2082-OJVTK,0.5422397658316322,1
1482-OXZSY,0.4944369388720271,0
6383-ZTSIW,0.1610689690464036,0
1661-CZBAU,0.05499848713831367,0
6616-AALSR,0.06469046288541237,0
6339-DKLMK,0.48379786562489907,0
5698-BQJOH,0.7038952068789956,1
8292-ITGYJ,0.010774848741135473,0
4785-FCIFB,0.003324999202606247,0
6000-APYLU,0.6764275857306763,1
8869-LIHMK,0.07404220483394365,0
9696-RMYBA,0.6394440372753819,1
1837-YQUCE,0.016152905329782634,0
5376-PCKNB,0.13520544031157952,0
6629-LADHQ,0.2401094736008231,0
2754-VDLTR,0.6664182881122884,1
8066-POXGX,0.56256371567218,1
5373-SFODM,0.48752768544614883,0
3070-FNFZQ,0.016979354942362197,0
1971-DTCZB,0.015897937275201335,0
0847-HGRML,0.0024002510755612807,0
1982-FEBTD,0.029191669801973165,0
2831-EBWRN,0.4882166577096753,0
2812-SFXMJ,0.18417636941671117,0
4690-PKDQG,0.5206762740006134,1
4877-EVATK,0.20825709766841885,0
4837-QUSFT,0.09479649464627982,0
7096-UCLNH,0.2081411043310745,0
6695-AMZUF,0.007528576214501814,0
5716-LIBJC,0.4341849219347471,0
6288-LBEAR,0.3346226163738365,0
9103-CXVOK,0.23881119944697238,0
5159-YFPKQ,0.678428568714674,1
5052-PNLOS,0.7236187792480637,1
1061-PNTHC,0.22093431216039947,0
4628-CTTLA,0.1366414816362135,0
2121-JAFOM,0.055078474484354274,0
3134-DSHVC,0.04176427464950161,0
7191-ADRGF,0.04532589736054337,0
6891-JPYFF,0.29171652247518703,0
9938-EKRGF,0.16640381014987513,0
4342-HFXWS,0.02050904797056925,0
6108-OQZDQ,0.7437696785672414,1
1015-OWJKI,0.21047002156285044,0
0440-UEDAI,0.11548341843033834,0
5921-NGYRH,0.09856663344547696,0
4891-NLUBA,0.023746490825387382,0
5976-JCJRH,0.6176370934569584,1
4829-AUOAX,0.3719008041759855,0
9286-BHDQG,0.0031646474181646705,0
7890-VYYWG,0.6449778120099936,1
8266-VBFQL,0.6465948926111917,1
3398-ZOUAA,0.5779483783054918,1
7503-QQRVF,0.5026673342973357,1
5248-RPYWW,0.018873937403221835,0
5174-RNGBH,0.23474727856893196,0
1696-MZVAU,0.07225054443190339,0
6497-TILVL,0.16905956246425713,0
0665-XHDJU,0.11606932976520723,0
1309-BXVOQ,0.6431166112932998,1
7969-AULMZ,0.7095759332343448,1
6016-LVTJQ,0.034639600545856214,0
9189-JWSHV,0.7281516947043922,1
7601-GNDYK,0.008458194627512941,0
7932-WPTDS,0.702071082982401,1
0947-IDHRQ,0.6144800417038049,1
1814-DKOLC,0.20987613000632327,0
5240-CAOYT,0.1470712954426996,0
7975-JMZNT,0.013922376092882436,0
5143-EGQFK,0.5529837529475853,1
5533-NHFRF,0.6056451886705793,1
0679-IDSTG,0.705755095792556,1
6376-GAHQE,0.6556390396461136,1
9565-JSNFM,0.17849731220054435,0
5228-EXCET,0.6440882981174618,1
2476-YGEFM,0.43081902276574113,0
1170-SASML,0.15974315703475628,0
8621-MNIHH,0.5670602743535686,1
5103-MHMHY,0.2952885226801451,0
9351-LZYGF,0.07420420260783393,0
4334-HOWRP,0.015388814187358867,0
4813-HQMGZ,0.6682679450063617,1
9715-WZCLW,0.07724460208907617,0
6682-VCIXC,0.0503880678149119,0
0480-KYJVA,0.0017072707325171503,0
6646-JPPHA,0.4322670025615371,0
5339-TJFEK,0.29967520314287227,0
5458-CQJTA,0.012147732381616372,0
0336-KXKFK,0.01384633119070337,0
5357-TZHPP,0.704669152852304,1
1810-MVMAI,0.10154850954910707,0
1744-JHKYS,0.07541611830632512,0
9027-YFHQJ,0.2831209321293608,0
6139-ZZRBQ,0.004514652064776638,0
7580-UGXNC,0.2620370754779594,0
0980-FEXWF,0.05978344272802171,0
8128-YVJRG,0.5293167856125218,1
4063-EIKNQ,0.12061383079465278,0
8216-AZUUZ,0.13881147563746574,0
0719-SYFRB,0.232467571991413,0
6997-UVGOX,0.007041205552365431,0
4918-QLLIW,0.3813768832522951,0
5285-MVEHD,0.13232347321739293,0
7524-VRLPL,0.009907521285269076,0
3518-FSTWG,0.08728037450565446,0
1016-DJTSV,0.7022380989188169,1
5985-TBABQ,0.08967196677772686,0
5336-UFNZP,0.26313732004445534,0
6725-TPKJO,0.0064623171243225076,0
8725-JEDFD,0.3772388483923026,0
2055-PDADH,0.7314246422486934,1
3280-MRDOF,0.08612379853008002,0
3717-OEAUQ,0.512276943002499,1
4951-UKAAQ,0.7378216801018372,1
3063-QFSZL,0.553040620817631,1
6810-VCAEX,0.023435922219008375,0
1212-GLHMD,0.5373578686932409,1
0613-WUXUM,0.0019198149768239697,0
1066-JKSGK,0.207909260547189,0
3842-QTGDL,0.28833358606176096,0
7629-WIXZF,0.24439329807400464,0
7579-KKLOE,0.013993608184010705,0
0970-QXPXW,0.20482247734801065,0
8628-MFKAX,0.06696188833976885,0
7198-GLXTC,0.6674500656733227,1
6048-UWKAL,0.05918604327067463,0
4833-QTJNO,0.11223310738442423,0
1098-KFQEC,0.0029288775946945873,0
8388-FYNPZ,0.29233268244032407,0
9474-PHLYD,0.4020733029293213,0
4154-AQUGT,0.5375262633910733,1
1716-LSAMB,0.009163495155187489,0
5067-WJEUN,0.006311896539369221,0
3756-VNWDH,0.2391984181868868,0
3070-DVEYC,0.596803799937245,1
8429-XIBUM,0.5602699305982694,1
6338-AVWCY,0.5986093893119108,1
0876-WDUUZ,0.5561532000648671,1
0899-WZRSD,0.2654497287369305,0
7860-KSUGX,0.004705817842438979,0
0396-HUJBP,0.1973594787298839,0
4210-QFJMF,0.7122433611903208,1
3791-LGQCY,0.44759278538445735,0
1353-GHZOS,0.12285257722451359,0
8780-RSYYU,0.09865295051863336,0
5514-YQENT,0.10449919466536088,0
7481-ATQQS,0.3993835324507416,0
1304-SEGFY,0.10874044014204082,0
5949-HGVJL,0.2959296089579578,0
9574-RKJIF,0.4405032060456146,0
7787-BNTZM,0.18204376697551028,0
6218-KNUBD,0.4063196813417467,0
6928-ONTRW,0.0011703219645519114,0
2661-GKBTK,0.012975393155571608,0
4226-KKDON,0.4107946062912022,0
6557-BZXLQ,0.5379503631955628,1
1291-CUOCY,0.07385658410451125,0
5084-OOVCJ,0.13418289415191548,0
1926-QUZNN,0.00315464992760253,0
5939-SXWHM,0.0064124848967316225,0
9254-RBFON,0.24734469959817254,0
0813-TAXXS,0.050299251944130326,0
6563-VNPMN,0.19015950985133775,0
6166-ILMNY,0.5345756763701852,1
6980-IMXXE,0.0015169894602449616,0
9804-ICWBG,0.7056434576327488,1
0281-CNTZX,0.0035862472492701933,0
6946-LMSQS,0.39809677769606233,0
6671-NGWON,0.1569579627166052,0
8295-FHIVV,0.2219112986430458,0
2309-OSFEU,0.5084776951408146,1
8059-UDZFY,0.5592867190578519,1
9863-JZAIC,0.1363791193300726,0
6772-WFQRD,0.022541833070408062,0
2834-JKOOW,0.09312244061602024,0
3012-VFFMN,0.12988830737588514,0
4062-HBMOS,0.4959454450114693,0
5542-DHSXL,0.19560055374686097,0
4993-JCRGJ,0.4085686141997141,0
6476-YHMGA,0.2085191876526595,0
4640-UHDOS,0.29069832406979257,0
7601-DHFWZ,0.007283749490629202,0
1784-EZDKJ,0.2621054469520493,0
3627-FHKBK,0.4186567684602948,0
9415-TPKRV,0.32809574049285345,0
2690-DVRVK,0.11033910697465914,0
2959-EEXWB,0.14840280677950504,0
5813-UECBU,0.4374414873885954,0
9039-ZVJDC,0.25931359517885044,0
7881-EVUAD,0.5726238398302796,1
9874-QLCLH,0.5937430039338014,1
9605-WGJVW,0.7466321611350075,1
0674-EYYZV,0.5752892079230881,1
2761-XECQW,0.5411599622316027,1
2351-RRBUE,0.06822325468123995,0
7277-OZCGZ,0.41921742982806237,0
4797-MIWUM,0.19982757746536944,0
0823-HSCDJ,0.26466868700406615,0
7508-DQAKK,0.019404127900335442,0
2865-TCHJW,0.80470208532961,1
3312-ZWLGF,0.5284923973980664,1
5089-IFSDP,0.08774671381270252,0
0235-KGSLC,0.6543977639425087,1
5025-GOOKI,0.12241337052677002,0
2368-GAKKQ,0.06481380774608196,0
4283-FUTGF,0.6622040740809949,1
4115-NZRKS,0.7812460946772732,1
2958-NHPPS,0.10741892963055868,0
4353-HYOJD,0.10117443744105532,0
2085-JVGAD,0.03796272790142765,0
4360-PNRQB,0.5557679396934267,1
7621-VPNET,0.27740981459676,0
3179-GBRWV,0.23346460475934522,0
5616-PRTNT,0.1517464221088071,0
9732-OUYRN,0.009341460057551307,0
8654-DHAOW,0.3497769600743176,0
7526-IVLYU,0.25872734797532937,0
2716-GFZOR,0.17387429267612062,0
0655-YDGFJ,0.132293760972256,0
1106-HRLKZ,0.006547157203959074,0
0979-MOZQI,0.018525794365284284,0
8644-XYTSV,0.1478318431159291,0
7611-YKYTC,0.2330738316190432,0
1760-CAZHT,0.0582034687026344,0
5174-ITUMV,0.2061954957369889,0
7445-WMRBW,0.07153272392741594,0
4342-HENTK,0.7384284673176362,1
3096-YXENJ,0.09131542263985207,0
3696-XRIEN,0.06449216386873843,0
1053-MXTTK,0.03496091405268321,0
5180-UCIIQ,0.21864982595543553,0
7517-LDMPS,0.6266037949742679,1
5519-YLDGW,0.6131829335347946,1
1763-WQFUK,0.3419283034379455,0
2761-OCIAX,0.7221207210535248,1
7668-XCFYV,0.7701019398929068,1
1862-QRWPE,0.004667439613695393,0
4884-LEVMQ,0.012730014959631967,0
5630-AHZIL,0.2758541792437702,0
0917-EZOLA,0.11760282336304585,0
7356-AYNJP,0.17245678139528053,0
5304-EFJLP,0.09887883849676567,0
8198-RKSZG,0.24709159576372344,0
4298-OYIFC,0.6808351684541175,1
4625-EWPTF,0.4883371435074788,0
7534-BFESC,0.6208891763635346,1
5027-YOCXN,0.10271943680695465,0
9426-SXNHE,0.21493299599130913,0
9957-YODKZ,0.7391759962775635,1
8869-TORSS,0.02607088309733989,0
8699-ASUFO,0.6662815163058192,1
3156-QLHBO,0.17840965713948623,0
8741-LQOBK,0.05190900161022634,0
6599-GZWCM,0.30967423991740767,0
2680-XKKNJ,0.08625390079847733,0
3896-ZVNET,0.019227655366010173,0
2482-CZGBB,0.6344894464969006,1
6397-JNZZG,0.18536728803783303,0
0234-TEVTT,0.03213738343791991,0
4378-BZYFP,0.0754535616101318,0
1459-QNFQT,0.008814291303664174,0
4983-CLMLV,0.3195881182672639,0
9033-EOXWV,0.19261768369603097,0
8791-GFXLZ,0.311017506598654,0
4609-KNNWG,0.012580551397063931,0
1325-USMEC,0.04754433093532934,0
8041-TMEID,0.07224598834064036,0
8819-IMISP,0.48713780253718886,0
7693-QPEFS,0.3216731264395573,0
4825-FUREZ,0.00997477257468433,0
5002-GCQFH,0.28898298664297745,0
9878-TNQGW,0.7268285667460103,1
1766-GKNMI,0.5936557690638405,1
7422-WNBTY,0.5228990549123124,1
4324-AHJKS,0.2121816966116546,0
6651-AZVTJ,0.472706740671258,0
1465-LNTLJ,0.372383881131854,0
1905-OEILC,0.20516648784920477,0
8746-OQQRW,0.22304852258297606,0
1171-TYKUR,0.04116569134168303,0
2862-JVEOY,0.09184569580352503,0
2300-RQGOI,0.008680276599795225,0
0426-TIRNE,0.20197238042761523,0
5868-YWPDW,0.7143515341747999,1
0868-VJRDR,0.045351482706762807,0
0872-JCPIB,0.22911130980049754,0
6087-MVHJH,0.67694175799903,1
2180-DXNEG,0.6920088611950059,1
4208-UFFGW,0.3804091834328168,0
3372-CDXFJ,0.0743589869262158,0
9054-FOWNV,0.6017997170888573,1
6211-WWLTF,0.04188500798924638,0
9405-GPBBG,0.09153510509919728,0
7402-EYFXX,0.7317085860372606,1
5155-AZQPB,0.13611172771775398,0
1335-MXCSE,0.011408995440306493,0
5186-SAMNZ,0.6944969057142255,1
0048-PIHNL,0.009834837181908408,0
2969-QWUBZ,0.6202203166661372,1
4570-QHXHL,0.4320600976989237,0
5543-QDCRY,0.5457060008647309,1
7029-RPUAV,0.6820811322388628,1
3653-NCRDJ,0.015997169339460843,0
2155-AMQRX,0.18796018106167767,0
0080-EMYVY,0.10950503996471633,0
9717-IOAAF,0.027510055062490678,0
5133-VRSAB,0.3084926321899766,0
2460-FPSYH,0.2892637540227339,0
7966-YOTQW,0.31083682733940643,0
9073-ZZIAY,0.012278043265541577,0
7727-SHVZV,0.1556632190642401,0
1506-YJTYT,0.015508784446703498,0
8008-OTEZX,0.016637210314916346,0
2017-CCBLH,0.04120486607643641,0
0479-HMSWA,0.19103058345961652,0
8727-XDPUD,0.0490586368378121,0
5286-YHCVC,0.08858504564053019,0
5515-IDEJJ,0.17461025161550983,0
6591-QGOYB,0.43314414989536476,0
6765-MBQNU,0.040034713019726144,0
0559-CKHUS,0.01884868440331046,0
4750-ZRXIU,0.8010842282875223,1
6732-FZUGP,0.1317238277283375,0
7610-TVOPG,0.2581360203107315,0
1985-MBRYP,0.010570219064326602,0
0750-EBAIU,0.11852782010087497,0
7410-YTJIK,0.521198363712671,1
2039-JONDJ,0.05166015505391222,0
1310-QRITU,0.39517743325763616,0
6427-FEFIG,0.05075300275036564,0
5313-FPXWG,0.02013377263066902,0
2081-KJSQF,0.27732023627557867,0
4646-QZXTF,0.22655417230941158,0
0254-WWRKD,0.01005964073856081,0
0623-GDISB,0.35376906432765864,0
5553-AOINX,0.24937345636095679,0
4501-UYKBC,0.08753893050526593,0
9248-OJYKK,0.7914583896964915,1
6128-AQBMT,0.354768543691614,0
4396-KLSEH,0.3263923816889304,0
0885-HMGPY,0.007542175841864697,0
2885-HIJDH,0.01181978617158397,0
4893-GYUJU,0.013898799581780894,0
4661-NJEUX,0.2778846500997549,0
6907-CQGPN,0.19703638172856386,0
8988-ECPJR,0.3714445763762427,0
9541-ZPSEA,0.013859217872097205,0
3339-EAQNV,0.18535499106778222,0
9507-HSMMZ,0.003944663520350538,0
9086-YJYXS,0.11129534881430968,0
3486-HOOGQ,0.007397908859102606,0
8957-THMOA,0.004018858577474709,0
